source_table,chapter,route_type,prtp_pct,vehicle_category,specification,ghg,air_pollutants_exhaust,air_pollutants_abrasion,infra_and_vehicles,energy_supply,total,noise_included,unit
Table 9,5,all_routes,0,Car,Petrol,16.09,0.46,0.2,8.0,6.15,30.91,no,EUR-cent_2025/vehicle_km
Table 9,5,all_routes,0,Car,Diesel,17.48,2.4,0.2,8.2,4.9,33.18,no,EUR-cent_2025/vehicle_km
Table 9,5,all_routes,0,Car,Electric,0.0,0.0,0.2,12.35,9.24,21.79,no,EUR-cent_2025/vehicle_km
Table 9,5,all_routes,0,Small_motorcycle,Diesel,6.21,3.16,0.07,3.49,2.44,15.38,no,EUR-cent_2025/vehicle_km
Table 9,5,all_routes,0,Motorcycle,Petrol,12.38,0.71,0.07,5.31,4.36,22.83,no,EUR-cent_2025/vehicle_km
Table 9,5,all_routes,0,LCV,Diesel,24.4,3.39,0.2,9.16,7.44,44.59,no,EUR-cent_2025/vehicle_km
Table 9,5,all_routes,0,LCV,Petrol,18.46,0.77,0.2,9.16,7.06,35.65,no,EUR-cent_2025/vehicle_km
Table 9,5,all_routes,0,LCV,Electric,0.0,0.0,0.2,14.15,12.05,26.4,no,EUR-cent_2025/vehicle_km
Table 9,5,all_routes,0,HGV_<7.5t,Diesel,37.07,5.69,1.08,9.16,7.44,60.43,no,EUR-cent_2025/vehicle_km
Table 9,5,all_routes,0,HGV_7.5-14t,Diesel,41.9,5.52,1.08,12.37,9.96,70.83,no,EUR-cent_2025/vehicle_km
Table 9,5,all_routes,0,HGV_14-28t,Diesel,62.87,6.81,1.08,32.49,22.37,125.61,no,EUR-cent_2025/vehicle_km
Table 9,5,all_routes,0,HGV_28-40t,Diesel,82.83,4.78,1.08,54.5,24.9,168.09,no,EUR-cent_2025/vehicle_km
Table 9,5,all_routes,0,Public_bus,Diesel,97.65,14.57,2.05,26.22,33.25,173.74,no,EUR-cent_2025/vehicle_km
Table 9,5,all_routes,0,Coach,Diesel,68.82,9.39,1.24,26.01,22.39,127.84,no,EUR-cent_2025/vehicle_km
Table 9,5,all_routes,0,Passenger_train_LD,Electric,0.0,0.0,6.24,175.32,827.05,1008.6,no,EUR-cent_2025/vehicle_km
Table 9,5,all_routes,0,Passenger_train_LT,Weighted_av.,52.69,20.71,3.15,48.36,338.8,463.72,no,EUR-cent_2025/vehicle_km
Table 9,5,all_routes,0,Freight_train,Weighted_av.,110.16,50.77,7.38,329.67,849.85,1347.83,no,EUR-cent_2025/vehicle_km
Table 9,5,all_routes,0,Passenger_air_SM,Short_medium_haul,1844.76,223.29,,31.32,271.64,2371.02,no,EUR-cent_2025/vehicle_km
Table 9,5,all_routes,0,Passenger_air_LH,Long_haul,3753.59,357.33,,30.23,405.43,4546.58,no,EUR-cent_2025/vehicle_km
Table 9,5,all_routes,0,Freight_air,Weighted_av.,4942.15,531.21,,48.49,555.03,6076.89,no,EUR-cent_2025/vehicle_km
Table 9,5,all_routes,0,Inland_dry_cargo_vessel,National,1981.45,1223.09,,766.18,567.59,4538.32,no,EUR-cent_2025/vehicle_km
Table 9,5,all_routes,0,Inland_tank_vessel,National,2892.37,1772.09,,795.86,828.53,6288.85,no,EUR-cent_2025/vehicle_km
Table 9,5,all_routes,0,Inland_pushed_convoy,National,4416.48,2715.51,,766.18,706.14,8604.31,no,EUR-cent_2025/vehicle_km
Table 10,5,all_routes,1,Car,Petrol,5.58,0.46,0.2,3.55,2.71,12.5,no,EUR-cent_2025/vehicle_km
Table 10,5,all_routes,1,Car,Diesel,6.08,2.4,0.2,3.64,2.1,14.43,no,EUR-cent_2025/vehicle_km
Table 10,5,all_routes,1,Car,Electric,0.0,0.0,0.2,6.34,3.85,10.39,no,EUR-cent_2025/vehicle_km
Table 10,5,all_routes,1,Small_motorcycle,Diesel,2.27,3.16,0.07,1.59,1.05,8.15,no,EUR-cent_2025/vehicle_km
Table 10,5,all_routes,1,Motorcycle,Petrol,4.31,0.71,0.07,2.48,1.87,9.44,no,EUR-cent_2025/vehicle_km
Table 10,5,all_routes,1,LCV,Diesel,8.48,3.39,0.2,4.16,3.19,19.42,no,EUR-cent_2025/vehicle_km
Table 10,5,all_routes,1,LCV,Petrol,6.4,0.77,0.2,4.16,3.1,14.64,no,EUR-cent_2025/vehicle_km
Table 10,5,all_routes,1,LCV,Electric,0.0,0.0,0.2,7.61,5.02,12.84,no,EUR-cent_2025/vehicle_km
Table 10,5,all_routes,1,HGV_<7.5t,Diesel,12.88,5.69,1.08,4.16,3.19,27.0,no,EUR-cent_2025/vehicle_km
Table 10,5,all_routes,1,HGV_7.5-14t,Diesel,14.56,5.52,1.08,5.64,4.27,31.07,no,EUR-cent_2025/vehicle_km
Table 10,5,all_routes,1,HGV_14-28t,Diesel,21.86,6.81,1.08,14.93,9.6,54.27,no,EUR-cent_2025/vehicle_km
Table 10,5,all_routes,1,HGV_28-40t,Diesel,28.82,4.78,1.08,24.8,10.69,70.17,no,EUR-cent_2025/vehicle_km
Table 10,5,all_routes,1,Public_bus,Diesel,33.92,14.57,2.05,11.25,14.09,75.88,no,EUR-cent_2025/vehicle_km
Table 10,5,all_routes,1,Coach,Diesel,23.92,9.39,1.24,11.61,9.61,55.77,no,EUR-cent_2025/vehicle_km
Table 10,5,all_routes,1,Passenger_train_LD,Electric,0.0,0.0,6.24,79.01,322.46,407.72,no,EUR-cent_2025/vehicle_km
Table 10,5,all_routes,1,Passenger_train_LT,Weighted_av.,18.28,20.71,3.15,21.8,133.89,197.83,no,EUR-cent_2025/vehicle_km
Table 10,5,all_routes,1,Freight_train,Weighted_av.,38.22,50.77,7.38,148.26,334.87,579.5,no,EUR-cent_2025/vehicle_km
Table 10,5,all_routes,1,Passenger_air_SM,Short_medium_haul,640.11,223.29,,12.06,122.56,998.02,no,EUR-cent_2025/vehicle_km
Table 10,5,all_routes,1,Passenger_air_LH,Long_haul,1302.0,357.33,,11.64,182.93,1853.9,no,EUR-cent_2025/vehicle_km
Table 10,5,all_routes,1,Freight_air,Weighted_av.,1714.33,531.21,,18.67,250.56,2514.77,no,EUR-cent_2025/vehicle_km
Table 10,5,all_routes,1,Inland_dry_cargo_vessel,National,687.37,1223.09,,331.61,273.58,2515.65,no,EUR-cent_2025/vehicle_km
Table 10,5,all_routes,1,Inland_tank_vessel,National,1003.37,1772.09,,355.5,399.35,3530.3,no,EUR-cent_2025/vehicle_km
Table 10,5,all_routes,1,Inland_pushed_convoy,National,1532.09,2715.51,,331.61,335.27,4914.49,no,EUR-cent_2025/vehicle_km
Table 11,5,motorway,0,Car,Petrol,17.0,0.55,0.14,8.0,6.15,31.84,no,EUR-cent_2025/vehicle_km
Table 11,5,motorway,0,Car,Diesel,18.42,3.06,0.14,8.2,4.9,34.71,no,EUR-cent_2025/vehicle_km
Table 11,5,motorway,0,Car,Electric,0.0,0.0,0.14,12.35,9.24,21.72,no,EUR-cent_2025/vehicle_km
Table 11,5,motorway,0,Small_motorcycle,Diesel,6.17,2.31,0.03,3.49,2.44,14.44,no,EUR-cent_2025/vehicle_km
Table 11,5,motorway,0,Motorcycle,Petrol,12.87,0.87,0.03,5.31,4.36,23.43,no,EUR-cent_2025/vehicle_km
Table 11,5,motorway,0,LCV,Diesel,29.27,4.81,0.14,9.16,7.44,50.81,no,EUR-cent_2025/vehicle_km
Table 11,5,motorway,0,LCV,Petrol,21.88,0.83,0.14,9.16,7.06,39.06,no,EUR-cent_2025/vehicle_km
Table 11,5,motorway,0,LCV,Electric,0.0,0.0,0.14,14.15,12.05,26.34,no,EUR-cent_2025/vehicle_km
Table 11,5,motorway,0,HGV_<7.5t,Diesel,37.91,5.31,0.6,9.16,7.44,60.41,no,EUR-cent_2025/vehicle_km
Table 11,5,motorway,0,HGV_7.5-14t,Diesel,41.61,5.06,0.6,12.37,9.96,69.6,no,EUR-cent_2025/vehicle_km
Table 11,5,motorway,0,HGV_14-28t,Diesel,59.45,5.93,0.6,32.49,22.37,120.84,no,EUR-cent_2025/vehicle_km
Table 11,5,motorway,0,HGV_28-40t,Diesel,76.68,4.05,0.6,54.5,24.9,160.73,no,EUR-cent_2025/vehicle_km
Table 11,5,motorway,0,Public_bus,Diesel,71.98,11.92,0.6,26.22,33.25,143.96,no,EUR-cent_2025/vehicle_km
Table 11,5,motorway,0,Coach,Diesel,62.25,7.08,0.6,26.01,22.39,118.33,no,EUR-cent_2025/vehicle_km
Table 12,5,motorway,1,Car,Petrol,5.9,0.55,0.14,3.55,2.71,12.83,no,EUR-cent_2025/vehicle_km
Table 12,5,motorway,1,Car,Diesel,6.4,3.06,0.14,3.64,2.1,15.34,no,EUR-cent_2025/vehicle_km
Table 12,5,motorway,1,Car,Electric,0.0,0.0,0.14,6.34,3.85,10.32,no,EUR-cent_2025/vehicle_km
Table 12,5,motorway,1,Small_motorcycle,Diesel,2.24,2.31,0.03,1.59,1.05,7.23,no,EUR-cent_2025/vehicle_km
Table 12,5,motorway,1,Motorcycle,Petrol,4.47,0.87,0.03,2.48,1.87,9.73,no,EUR-cent_2025/vehicle_km
Table 12,5,motorway,1,LCV,Diesel,10.16,4.81,0.14,4.16,3.19,22.46,no,EUR-cent_2025/vehicle_km
Table 12,5,motorway,1,LCV,Petrol,7.59,0.83,0.14,4.16,3.1,15.82,no,EUR-cent_2025/vehicle_km
Table 12,5,motorway,1,LCV,Electric,0.0,0.0,0.14,7.61,5.02,12.77,no,EUR-cent_2025/vehicle_km
Table 12,5,motorway,1,HGV_<7.5t,Diesel,13.17,5.31,0.6,4.16,3.19,26.42,no,EUR-cent_2025/vehicle_km
Table 12,5,motorway,1,HGV_7.5-14t,Diesel,14.46,5.06,0.6,5.64,4.27,30.03,no,EUR-cent_2025/vehicle_km
Table 12,5,motorway,1,HGV_14-28t,Diesel,20.67,5.93,0.6,14.93,9.6,51.73,no,EUR-cent_2025/vehicle_km
Table 12,5,motorway,1,HGV_28-40t,Diesel,26.68,4.05,0.6,24.8,10.69,66.82,no,EUR-cent_2025/vehicle_km
Table 12,5,motorway,1,Public_bus,Diesel,25.02,11.92,0.6,11.25,14.09,62.87,no,EUR-cent_2025/vehicle_km
Table 12,5,motorway,1,Coach,Diesel,21.64,7.08,0.6,11.61,9.61,50.54,no,EUR-cent_2025/vehicle_km
Table 13,5,rural,0,Car,Petrol,14.47,0.4,0.14,8.0,6.15,29.17,no,EUR-cent_2025/vehicle_km
Table 13,5,rural,0,Car,Diesel,16.18,2.05,0.14,8.2,4.9,31.47,no,EUR-cent_2025/vehicle_km
Table 13,5,rural,0,Car,Electric,0.0,0.0,0.14,12.35,9.24,21.72,no,EUR-cent_2025/vehicle_km
Table 13,5,rural,0,Small_motorcycle,Diesel,6.21,2.38,0.04,3.49,2.44,14.56,no,EUR-cent_2025/vehicle_km
Table 13,5,rural,0,Motorcycle,Petrol,11.32,0.71,0.04,5.31,4.36,21.74,no,EUR-cent_2025/vehicle_km
Table 13,5,rural,0,LCV,Diesel,22.58,3.01,0.14,9.16,7.44,42.32,no,EUR-cent_2025/vehicle_km
Table 13,5,rural,0,LCV,Petrol,16.9,0.7,0.14,9.16,7.06,33.95,no,EUR-cent_2025/vehicle_km
Table 13,5,rural,0,LCV,Electric,0.0,0.0,0.14,14.15,12.05,26.34,no,EUR-cent_2025/vehicle_km
Table 13,5,rural,0,HGV_<7.5t,Diesel,36.7,5.5,0.77,9.16,7.44,59.56,no,EUR-cent_2025/vehicle_km
Table 13,5,rural,0,HGV_7.5-14t,Diesel,42.81,5.37,0.77,12.37,9.96,71.27,no,EUR-cent_2025/vehicle_km
Table 13,5,rural,0,HGV_14-28t,Diesel,66.57,6.72,0.77,32.49,22.37,128.91,no,EUR-cent_2025/vehicle_km
Table 13,5,rural,0,HGV_28-40t,Diesel,89.62,4.82,0.77,54.5,24.9,174.61,no,EUR-cent_2025/vehicle_km
Table 13,5,rural,0,Public_bus,Diesel,95.41,12.83,1.01,26.22,33.25,168.72,no,EUR-cent_2025/vehicle_km
Table 13,5,rural,0,Coach,Diesel,71.18,8.97,0.87,26.01,22.39,129.42,no,EUR-cent_2025/vehicle_km
Table 13,5,rural,0,Passenger_train_LD,Electric,0.0,0.0,6.24,175.32,827.05,1008.6,no,EUR-cent_2025/vehicle_km
Table 13,5,rural,0,Passenger_train_LT,Weighted_av.,52.69,20.41,3.15,48.36,338.8,463.43,no,EUR-cent_2025/vehicle_km
Table 13,5,rural,0,Freight_train,Weighted_av.,110.16,49.8,7.38,329.67,849.85,1346.87,no,EUR-cent_2025/vehicle_km
Table 14,5,rural,1,Car,Petrol,5.02,0.4,0.14,3.55,2.71,11.81,no,EUR-cent_2025/vehicle_km
Table 14,5,rural,1,Car,Diesel,5.63,2.05,0.14,3.64,2.1,13.56,no,EUR-cent_2025/vehicle_km
Table 14,5,rural,1,Car,Electric,0.0,0.0,0.14,6.34,3.85,10.32,no,EUR-cent_2025/vehicle_km
Table 14,5,rural,1,Small_motorcycle,Diesel,2.27,2.38,0.04,1.59,1.05,7.33,no,EUR-cent_2025/vehicle_km
Table 14,5,rural,1,Motorcycle,Petrol,3.94,0.71,0.04,2.48,1.87,9.04,no,EUR-cent_2025/vehicle_km
Table 14,5,rural,1,LCV,Diesel,7.85,3.01,0.14,4.16,3.19,18.35,no,EUR-cent_2025/vehicle_km
Table 14,5,rural,1,LCV,Petrol,5.86,0.7,0.14,4.16,3.1,13.96,no,EUR-cent_2025/vehicle_km
Table 14,5,rural,1,LCV,Electric,0.0,0.0,0.14,7.61,5.02,12.77,no,EUR-cent_2025/vehicle_km
Table 14,5,rural,1,HGV_<7.5t,Diesel,12.75,5.5,0.77,4.16,3.19,26.37,no,EUR-cent_2025/vehicle_km
Table 14,5,rural,1,HGV_7.5-14t,Diesel,14.87,5.37,0.77,5.64,4.27,30.92,no,EUR-cent_2025/vehicle_km
Table 14,5,rural,1,HGV_14-28t,Diesel,23.14,6.72,0.77,14.93,9.6,55.16,no,EUR-cent_2025/vehicle_km
Table 14,5,rural,1,HGV_28-40t,Diesel,31.18,4.82,0.77,24.8,10.69,72.25,no,EUR-cent_2025/vehicle_km
Table 14,5,rural,1,Public_bus,Diesel,33.15,12.83,1.01,11.25,14.09,72.33,no,EUR-cent_2025/vehicle_km
Table 14,5,rural,1,Coach,Diesel,24.74,8.97,0.87,11.61,9.61,55.8,no,EUR-cent_2025/vehicle_km
Table 14,5,rural,1,Passenger_train_LD,Electric,0.0,0.0,6.24,79.01,322.46,407.72,no,EUR-cent_2025/vehicle_km
Table 14,5,rural,1,Passenger_train_LT,Weighted_av.,18.28,20.41,3.15,21.8,133.89,197.53,no,EUR-cent_2025/vehicle_km
Table 14,5,rural,1,Freight_train,Weighted_av.,38.22,49.8,7.38,148.26,334.87,578.53,no,EUR-cent_2025/vehicle_km
Table 15,5,urban,0,Car,Petrol,16.9,0.47,0.85,8.0,6.15,32.38,no,EUR-cent_2025/vehicle_km
Table 15,5,urban,0,Car,Diesel,17.98,2.26,0.85,8.2,4.9,34.19,no,EUR-cent_2025/vehicle_km
Table 15,5,urban,0,Car,Electric,0.0,0.0,0.85,12.35,9.24,22.44,no,EUR-cent_2025/vehicle_km
Table 15,5,urban,0,Small_motorcycle,Diesel,6.21,10.88,0.33,3.49,2.44,23.35,no,EUR-cent_2025/vehicle_km
Table 15,5,urban,0,Motorcycle,Petrol,12.9,1.15,0.33,5.31,4.36,24.05,no,EUR-cent_2025/vehicle_km
Table 15,5,urban,0,LCV,Diesel,22.31,3.02,0.85,9.16,7.44,42.78,no,EUR-cent_2025/vehicle_km
Table 15,5,urban,0,LCV,Petrol,17.2,0.81,0.85,9.16,7.06,35.08,no,EUR-cent_2025/vehicle_km
Table 15,5,urban,0,LCV,Electric,0.0,0.0,0.85,14.15,12.05,27.05,no,EUR-cent_2025/vehicle_km
Table 15,5,urban,0,HGV_<7.5t,Diesel,33.73,8.14,7.86,9.16,7.44,66.32,no,EUR-cent_2025/vehicle_km
Table 15,5,urban,0,HGV_7.5-14t,Diesel,40.5,7.79,7.86,12.37,9.96,78.47,no,EUR-cent_2025/vehicle_km
Table 15,5,urban,0,HGV_14-28t,Diesel,68.28,10.62,7.86,32.49,22.37,141.61,no,EUR-cent_2025/vehicle_km
Table 15,5,urban,0,HGV_28-40t,Diesel,92.8,8.03,7.86,54.5,24.9,188.1,no,EUR-cent_2025/vehicle_km
Table 15,5,urban,0,Public_bus,Diesel,104.28,17.16,11.1,26.22,33.25,192.01,no,EUR-cent_2025/vehicle_km
Table 15,5,urban,0,Coach,Diesel,76.81,14.34,8.22,26.01,22.39,147.76,no,EUR-cent_2025/vehicle_km
Table 15,5,urban,0,Passenger_train_LD,Electric,0.0,0.0,6.24,175.32,827.05,1008.6,no,EUR-cent_2025/vehicle_km
Table 15,5,urban,0,Passenger_train_LT,Weighted_av.,52.69,23.58,3.15,48.36,338.8,466.59,no,EUR-cent_2025/vehicle_km
Table 15,5,urban,0,Freight_train,Weighted_av.,110.16,60.21,7.38,329.67,849.85,1357.28,no,EUR-cent_2025/vehicle_km
Table 16,5,urban,1,Car,Petrol,5.86,0.47,0.85,3.55,2.71,13.44,no,EUR-cent_2025/vehicle_km
Table 16,5,urban,1,Car,Diesel,6.26,2.26,0.85,3.64,2.1,15.11,no,EUR-cent_2025/vehicle_km
Table 16,5,urban,1,Car,Electric,0.0,0.0,0.85,6.34,3.85,11.04,no,EUR-cent_2025/vehicle_km
Table 16,5,urban,1,Small_motorcycle,Diesel,2.27,10.88,0.33,1.59,1.05,16.12,no,EUR-cent_2025/vehicle_km
Table 16,5,urban,1,Motorcycle,Petrol,4.49,1.15,0.33,2.48,1.87,10.32,no,EUR-cent_2025/vehicle_km
Table 16,5,urban,1,LCV,Diesel,7.76,3.02,0.85,4.16,3.19,18.98,no,EUR-cent_2025/vehicle_km
Table 16,5,urban,1,LCV,Petrol,5.97,0.81,0.85,4.16,3.1,14.89,no,EUR-cent_2025/vehicle_km
Table 16,5,urban,1,LCV,Electric,0.0,0.0,0.85,7.61,5.02,13.49,no,EUR-cent_2025/vehicle_km
Table 16,5,urban,1,HGV_<7.5t,Diesel,11.73,8.14,7.86,4.16,3.19,35.07,no,EUR-cent_2025/vehicle_km
Table 16,5,urban,1,HGV_7.5-14t,Diesel,14.08,7.79,7.86,5.64,4.27,39.63,no,EUR-cent_2025/vehicle_km
Table 16,5,urban,1,HGV_14-28t,Diesel,23.74,10.62,7.86,14.93,9.6,66.74,no,EUR-cent_2025/vehicle_km
Table 16,5,urban,1,HGV_28-40t,Diesel,32.29,8.03,7.86,24.8,10.69,83.67,no,EUR-cent_2025/vehicle_km
Table 16,5,urban,1,Public_bus,Diesel,36.22,17.16,11.1,11.25,14.09,89.82,no,EUR-cent_2025/vehicle_km
Table 16,5,urban,1,Coach,Diesel,26.7,14.34,8.22,11.61,9.61,70.47,no,EUR-cent_2025/vehicle_km
Table 16,5,urban,1,Passenger_train_LD,Electric,0.0,0.0,6.24,79.01,322.46,407.72,no,EUR-cent_2025/vehicle_km
Table 16,5,urban,1,Passenger_train_LT,Weighted_av.,18.28,23.58,3.15,21.8,133.89,200.7,no,EUR-cent_2025/vehicle_km
Table 16,5,urban,1,Freight_train,Weighted_av.,38.22,60.21,7.38,148.26,334.87,588.94,no,EUR-cent_2025/vehicle_km
